ID,A1,A1,A2,A2,A3,A3
0,శ్రీరాముడు,No effect,రాముడు,No effect,శ్రీరాముడు,No effect
1,చంద్రబాబు నాయుడు,Denigration,చంద్రబాబు నాయుడు,Denigration,చంద్రబాబు నాయుడు,Denigration
2,జార్జియా మెలోని,No effect,None,No effect,జార్జియా మెలోని,Flattery
3,నరేంద్ర మోడీ,Flattery,None,No effect,None,No effect
4,None,No effect,None,No effect,నిహాల్ సింగ్ (అలియాస్ బిచూ బామ్),No effect
5,నరేంద్ర మోడీ బీజేపీ ప్రభుత్వం,Denigration,None,No effect,ద్రౌపది ముర్ము,No effect
6,None,No effect,None,No effect,వృద్ధ మహిళ,Flattery
7,None,No effect,None,No effect,ఆధార్‌,No effect
8,బాలకృష్ణ,Denigration,సీనియర్ ఎన్టీఆర్,No effect,బాలకృష్ణ,Denigration
9,బ్రిటన్ ప్రభుత్వం,No effect,None,No effect,బ్రిటన్ ప్రభుత్వం,Flattery
10,కేరళ ప్రభుత్వం,Denigration,కేరళ ప్రభుత్వం,Denigration,పీ.కే. బిజూ,Denigration
11,None,No effect,None,No effect,బీజేపీ,Denigration
12,మోదీ,Denigration,రఘురామ్ రాజన్,Denigration,మోదీ,Denigration
13,గుజరాత్ ప్రభుత్వం,No effect,None,No effect,గుజరాత్ ప్రభుత్వం,Flattery
14,ముస్లిములు,Denigration,None,No effect,ముస్లిములు,Denigration
15,జితేంద్ర అవద్‌,Denigration,జితేంద్ర అవద్‌,Denigration,జితేంద్ర అవద్‌,Denigration
16,None,No effect,None,No effect,పీత,No effect
17,వైఎస్ జగన్,Flattery,వైఎస్ జగన్,Flattery,దర్శకుడు వి.వి.వినాయక్.,No effect
18,RSS కార్యకర్తలు,Denigration,None,No effect,RSS కార్యకర్తలు,Denigration
19,శోభన్ బాబు,No effect,శోభన్ బాబు,Flattery,శోభన్ బాబు,No effect
20,ఏపీ ప్రభుత్వం,Flattery,None,No effect,ఆంధ్రప్రదేశ్,Flattery
21,నారా చంద్రబాబు నాయుడు,Denigration,చంద్రబాబు నాయుడు,Denigration,చంద్రబాబు నాయుడు,Denigration
22,None,No effect,None,No effect,బ్రిటిష్ ప్రభుత్వం,No effect
23,నరేంద్ర మోదీ,No effect,None,No effect,నరేంద్ర మోదీ,Flattery
24,None,No effect,None,No effect,జటాయువు,No effect
25,రేవంత్ రెడ్డి,Denigration,రేవంత్ రెడ్డి,Denigration,రేవంత్ రెడ్డి,Denigration
26,మాల్దీవుల అధ్యక్షుడు మొహమ్మద్ ముయిజ్జూ,Denigration,మొహమ్మద్ ముయిజ్జూ,Flattery,మొహమ్మద్ ముయిజ్జూ,Flattery
27,యామీన్ ఖాన్,Denigration,None,No effect,యామీన్ ఖాన్,Denigration
28,రాహుల్ గాంధీ,Denigration,రాహుల్ గాంధీ,No effect,రాహుల్ గాంధీ,Denigration
29,None,No effect,None,No effect,ఓవర్ లోడ్ వాహనాలకు,No effect
30,మహారాష్ట్ర ప్రభుత్వం,No effect,None,No effect,మహారాష్ట్ర ప్రభుత్వం,Flattery
31,రాష్ట్ర ప్రభుత్వం,Denigration,None,No effect,మేడ్చల్ జిల్లా,Denigration
32,None,No effect,None,No effect,అల్లం,No effect
33,శ్రీరాముడు,No effect,None,No effect,సీతారాముల వారి విగ్రహాలు,No effect
34,తెలంగాణ రాష్ట్ర ప్రభుత్వ,No effect,None,No effect,రాష్ట్ర ప్రభుత్వ ప్రధాన కార్యదర్శి,No effect
35,కేరళ ప్రభుత్వం,Denigration,None,No effect,కేరళ ప్రభుత్వం,Denigration
36,టీడీపీ మాజీ ఎమ్మెల్యే చింతమనేని ప్రభాకర్,Denigration,చింతమనేని ప్రభాకర్,Denigration,చింతమనేని ప్రభాకర్.,Denigration
37,కాటసాని రామిరెడ్డి,Denigration,కాటసాని రామిరెడ్డి.,No effect,కాటసాని రామిరెడ్డి.,Denigration
38,None,No effect,None,No effect,జాన్ అలెన్ జేగ్రస్,No effect
39,విద్యాసంస్థల,No effect,None,No effect,తెలుగు రాష్ట్ర ప్రభుత్వాలు,No effect
40,షిర్డీ సాయి ట్రస్ట్‌,Denigration,స్వరూపానంద సరస్వతి,Denigration,రాష్ట్రాల కోర్టులు,Denigration
41,జార్జియా మెలో,No effect,జార్జియా మెలోని,Denigration,జార్జియా మెలోని,Denigration
42,ఖతర్‌,No effect,None,No effect,భారత ప్రభుత్వం,No effect
43,రామానుజన్,No effect,None,Flattery,శాస్త్రవేత్త రామానుజన్,Flattery
44,"టీడీపీ, ప్రశాంత్ కిషోర్",No effect,ప్రశాంత్ కిషోర్,Denigration,ప్రశాంత్ కిషోర్,Denigration
45,"వై.ఎస్.జగన్మోహన్ రెడ్డి, మంత్రి రోజా",Denigration,వై.ఎస్.జగన్మోహన్ రెడ్డి,Denigration,రోజా,Denigration
46,None,No effect,None,No effect,శాంటియాగో ఫ్లైట్-513,No effect
47,కర్ణాటక ముఖ్యమంత్రి సిద్ధరామయ్య.,Denigration,సిద్ధరామయ్య,Denigration,కర్ణాటక ముఖ్యమంత్రి సిద్ధరామయ్య.,Denigration
48,కాంగ్రెస్,No effect,None,No effect,కాంగ్రెస్,Denigration
49,జయప్రకాశ్ నారాయణ.,No effect,జయప్రకాశ్ నారాయణ,No effect,జయప్రకాశ్ నారాయణ,Denigration
50,ముఖ్యమంత్రి భజన్‌లాల్ శర్మ,Flattery,భజన్‌లాల్ శర్మ,Denigration,భజన్‌లాల్ శర్మ,Flattery
51,నరేంద్ర మోదీ,No effect,నరేంద్ర మోదీ,No effect,నరేంద్ర మోదీ,Denigration
52,మెహబూబా ముఫ్తీ,No effect,మెహబూబా ముఫ్తీ,Denigration,మెహబూబా ముఫ్తీ,Denigration
53,అయోధ్య  రామ మందిరం,No effect,None,No effect,అయోధ్యలో రామాలయం.,No effect
54,తీన్మార్ మల్లన్న,Denigration,తీన్మార్ మల్లన్న,Denigration,తీన్మార్ మల్లన్న,Denigration
55,మోదీ,Flattery,ప్రధాని మోదీ,Flattery,మోదీ,Flattery
56,రేవంత్ రెడ్డి,No effect,రేవంత్ రెడ్డి,Flattery,రేవంత్ రెడ్డి,Denigration
57,NDA ప్రభుత్వం,Flattery,None,No effect,", NDA ప్రభుత్వం",Flattery
58,SFI కార్యకర్త మనోరంజన్,Denigration,SFI కార్యకర్త మనోరంజన్,Denigration,విజయ్ కుమార్,Denigration
59,పోలీసులు,Denigration,None,Denigration,పోలీసులు,Denigration
60,నూడుల్స్ పరిశ్రమ,Denigration,None,No effect,‘హరిమ్,Denigration
61,None,No effect,None,No effect,తెలంగాణ ప్రభుత్వం,No effect
62,బీజేపీ,Denigration,None,No effect,బీజేపీ,Denigration
63,ముస్లింలు,No effect,None,Denigration,ముస్లింలు,Denigration
64,తెలంగాణ ప్రభుత్వం,No effect,None,No effect,తెలంగాణ ప్రభుత్వం,Denigration
65,చెన్నైలో సుడిగాలి,No effect,None,No effect,none,No effect
66,"టీడీపీ , కాంగ్రెస్ ",No effect,None,No effect,కాంగ్రెస్,Denigration
67,సుఖ్‌దేవ్ సింగ్ గోగామేడీ.,No effect,సుఖ్‌దేవ్ సింగ్,Denigration,సుఖ్‌దేవ్ సింగ్ గోగామేడీ,No effect
68,బీజేపీ,No effect,None,No effect,బీజేపీ,Flattery
69,"కేసీఆర్‌ , కేటీఆర్ భార్య శైలిమ",No effect,శైలిమ,Denigration,శైలిమ,No effect
70,ఉదయనిధి స్టాలిన్,No effect,ఉదయనిధి స్టాలిన్,Denigration,ఉదయనిధి స్టాలిన్,Denigration
71,భారత్ రాష్ట్ర సమితి పార్టీ,No effect,None,No effect,భారత్ రాష్ట్ర సమితి,Denigration
72,బీఆర్ఎస్,Denigration,None,No effect,తెలంగాణ అసెంబ్లీ,Denigration
73,కపిలతీర్ధం జలపాతం,No effect,None,No effect,none,No effect
74,None,No effect,None,No effect,none,No effect
75,రేవంత్ రెడ్డి,Denigration,రేవంత్ రెడ్డి,Denigration,రేవంత్ రెడ్డి,Denigration
76,కాంగ్రెస్ పార్టీ,Flattery,None,No effect,పోలీస్ అధికారులు,No effect
77,నీల్ ఆర్మ్‌స్ట్రాంగ్,No effect,నీల్ ఆర్మ్‌స్ట్రాంగ్,Flattery,నీల్ ఆర్మ్‌స్ట్రాంగ్,No effect
78,కాంగ్రెస్,Flattery,None,No effect,కాంగ్రెస్,Flattery
79,"పాడి కౌశిక్ రెడ్డి, తెల్లం వెంకట్రావు",No effect,"కౌశిక్ రెడ్డి, తెల్లం వెంకట్రావు",No effect,"పాడి కౌశిక్ రెడ్డి, తెల్లం వెంకట్రావు ",Denigration
80,కిషన్ రెడ్డి,No effect,కిషన్ రెడ్డి,Denigration,బీజేపీ,Denigration
81,"రేవంత్ రెడ్డి , కాంగ్రెస్",Denigration,రేవంత్ రెడ్డి,Denigration,కాంగ్రెస్,Denigration
82,"బీఆర్ఎస్ , కేసీఆర్",Denigration,కేసీఆర్,Denigration,కేసీఆర్,Denigration
83,కాంగ్రెస్,No effect,None,No effect,కాంగ్రెస్,Denigration
84,అరుణాచల ఆలయం,No effect,None,No effect,అరుణాచల ఆలయం,No effect
85,విశ్వ విద్యాలయాలు,No effect,None,No effect,భారతదేశం,Denigration
86,"ఉత్తర్ ప్రదేశ్ ప్రభుత్వం , లక్నో నగరం",No effect,None,No effect,ఉత్తర్ ప్రదేశ్ ప్రభుత్వం,Flattery
87,గూడెం మహిపాల్ రెడ్డి,Flattery,మహిపాల్ రెడ్డి,Flattery,మహిపాల్ రెడ్డి,Flattery
88,టీడీపీ పార్టీ,No effect,None,No effect,టీడీపీ పార్టీ,No effect
89,"రేవంత్ రెడ్డి , కాంగ్రెస్ పార్టీ ",Denigration,రేవంత్ రెడ్డి,Denigration,రేవంత్ రెడ్డి,Denigration
90,రేవంత్ రెడ్డి.,Denigration,రేవంత్ రెడ్డి,Denigration,రేవంత్ రెడ్డి.,Denigration
91,"రేవంత్ రెడ్డి , బీర్ల ఐలయ్య",Denigration,రేవంత్ రెడ్డి,Denigration,రేవంత్ రెడ్డి,Denigration
92,బీఆర్ఎస్ పార్టీ,Denigration,None,Denigration,బీఆర్ఎస్ పార్టీ కార్యకర్తలు,Denigration
93,రామాయణం,Denigration,None,No effect,రామాయణం,Denigration
94,రేవంత్ రెడ్డి,Denigration,రేవంత్ రెడ్డి,Denigration,రేవంత్ రెడ్డి,Denigration
95,అబ్దుల్ కలాం,No effect,అబ్దుల్ కలాం,Denigration,అబ్దుల్ కలాం,No effect
96,"కాంగ్రెస్ , కేటీఆర్",No effect,కేటీఆర్,Denigration,కాంగ్రెస్,Denigration
97,ముస్లింలు,Denigration,None,No effect,కాంగ్రెస్,Denigration
98,తీన్మార్ మల్లన్న,No effect,తీన్మార్ మల్లన్న,Flattery,బిఆర్ఎస్,Flattery
99,మాగంటి గోపీనాథ్‌ను,Denigration,మాగంటి గోపీనాథ్‌,Denigration,మాగంటి గోపీనాథ్‌,Denigration
100," చంద్రబాబు, రేవంత్ రెడ్డి",No effect,రేవంత్ రెడ్డి,Denigration,రేవంత్ రెడ్డి,Denigration
101,కేసీఆర్,Flattery,కేసీఆర్,Denigration,కేసీఆర్,Denigration
102,None,No effect,None,No effect,బీజేపీ,Flattery
103,None,No effect,None,No effect,చెన్నై,Flattery
104,చంద్ర బాబు,Flattery,None,No effect,చంద్రబాబు నాయుడు,Flattery
105,ఎవ్ వేలు,Denigration,ఈ.వి.వేలు,Flattery,ఈ.వి.వేలు,Denigration
106,తెలంగాణ కాంగ్రెస్ పార్టీ,Denigration,None,Flattery,తెలంగాణ కాంగ్రెస్ పార్టీ,Denigration
107,మిచెల్ మార్ష్,Denigration,మిచెల్ మార్ష్,Denigration,మిచెల్ మార్ష్,Flattery
108,రాహుల్ గాంధీ,Denigration,రాహుల్ గాంధీ,No effect,రాహుల్ గాంధీ,Denigration
109,రేవంత్ రెడ్డి,Denigration,రేవంత్ రెడ్డి,Denigration,రేవంత్ రెడ్డి,Denigration
110,నరేంద్ర మోదీ,Denigration,నరేంద్ర మోదీ,Denigration,నరేంద్ర మోదీ,Denigration
111,రేవంత్ రెడ్డి,Denigration,రేవంత్ రెడ్డి,Denigration,రేవంత్ రెడ్డి,Denigration
112,వి.ఎస్.అచ్యుతానందన్,No effect,వి. ఎస్. అచ్యుతానందన్,Flattery,వి. ఎస్. అచ్యుతానందన్,Denigration
113,చంద్రబాబు నాయుడు,Denigration,చంద్రబాబు,Denigration,చంద్రబాబు నాయుడు,Denigration
114,ఇజ్రాయెల్ సైన్యం,Denigration,None,Denigration,ఇజ్రాయెల్,Flattery
115,కేటీఆర్,No effect,కేటీఆర్,No effect,కేటీఆర్,Denigration
116,శ్యామ్ కుమార్.,No effect,None,No effect,కోట శ్యామ్ కుమార్,Flattery
117,శ్యామ్ కుమార్.,Denigration,None,No effect,కాంగ్రెస్,Denigration
118,రేవంత్ రెడ్డి,Denigration,రేవంత్ రెడ్డి,Denigration,రేవంత్ రెడ్డి,Denigration
119,కాంగ్రెస్ ప్రభుత్వం,Denigration,None,No effect,కాంగ్రెస్ ప్రభుత్వం,Denigration
120,"రాహుల్ గాంధీ, ఇతర కాంగ్రెస్ ఎంపీలు",Denigration,రాహుల్ గాంధీ,Denigration,కాంగ్రెస్,Denigration
121,మాదిగల విశ్వరూప,Flattery,None,No effect,మాదిగల విశ్వరూప మహాసభ,Flattery
122,జగన్ మోహన్ రెడ్డి,Denigration,జగన్ మోహన్ రెడ్డి,Flattery,జగన్ మోహన్ రెడ్డి,Denigration
123,టీఆర్ఎస్,Flattery,None,No effect,బీఆర్ఎస్,Denigration
124,కేటీఆర్,No effect,కేటీఆర్,Denigration,కేటీఆర్,Denigration
125,మోదీ ప్రభుత్వం,Flattery,None,No effect,మోదీ,Flattery
126,రేవంత్ రెడ్డి,Flattery,కేసీఆర్,Denigration,కేసీఆర్,Denigration
127,బీజేపీ ప్రభుత్వం,No effect,సుప్రియా శ్రీనాతె,Denigration,కాంగ్రెస్ నాయకురాలు సుప్రియా శ్రీనాతె,Denigration
128,ఇజ్రాయెల్,No effect,None,No effect,ఇజ్రాయెల్,Flattery
129,None,No effect,None,No effect,పబ్లిక్ పరీక్షలు,No effect
130,మహారాష్ట్ర/యూపీ పోలీసులు,Denigration,ఉర్ఫీ జావేద్‌,Denigration,ఉర్ఫీ జావేద్‌,No effect
131,కర్ణాటక ప్రభుత్వం,Denigration,None,No effect,కర్ణాటక,Denigration
132,అయోధ్య రైల్వే స్టేషన్,Flattery,None,No effect,అయోధ్య రైల్వే స్టేషన్,Flattery
133,హమాస్,Denigration,వియాన్ దఖిల్,Denigration,హమాస్,Denigration
134,కాంగ్రెస్,Denigration,కేసీఆర్,Flattery,కాంగ్రెస్,Denigration
135,జూనియర్ ఎన్టీఆర్‌,No effect,జూనియర్ ఎన్టీఆర్‌,Flattery,జూనియర్ ఎన్టీఆర్‌,No effect
136,బీజేపీ,Flattery,ఫిరోజ్ ఖాన్,No effect,కాంగ్రెస్,Denigration
137,హమాస్,No effect,None,No effect,హమాస్,Denigration
138,చంద్రబాబు నాయుడు,Flattery,చంద్రబాబు నాయుడు,Flattery,చంద్రబాబు నాయుడు,No effect
139,None,No effect,None,No effect,తలస్నానం,No effect
140,"ప్రభుత్వ స్కూళ్ళు, కాలేజీల",Denigration,None,No effect,"ప్రభుత్వ స్కూళ్ళు, కాలేజీ",Denigration
141,"ప్రభుత్వ స్కూళ్ళు, కాలేజీల",Denigration,డీ.కే.శివకుమార్,Flattery,డీ.కే.శివకుమార్,Denigration
142,కౌశిక్ రెడ్డి,Denigration,కౌశిక్ రెడ్డి,Denigration,కౌశిక్ రెడ్డి,Denigration
143,హిందూ మహిళ,Denigration,None,No effect,ముస్లిం,Denigration
144,None,No effect,None,No effect,బైబిల్,Flattery
145,None,No effect,None,No effect,రోబోట్,No effect
146,ముస్లింలు,No effect,None,Denigration,ముస్లింలు,Denigration
147,None,No effect,None,No effect,పాలస్తీనా,Denigration
148,None,No effect,None,No effect,కాంగ్రెస్,Denigration
149,మల్లా రెడ్డి,Denigration,మల్లా రెడ్డి,Denigration,బిఆర్ స్,Denigration
150,None,No effect,హిట్లర్,Denigration,హిట్లర్,No effect
151,ఇజ్రాయెల్ ఉగ్రవాదులు,Denigration,None,No effect,ఇజ్రాయెల్,Denigration
152,అమ్రిత్ పాల్,Denigration,None,No effect,నరేంద్ర మోడీ ప్రభుత్వం,Denigration
153,None,No effect,None,No effect,తెలంగాణ ప్రభుత్వం,Denigration
154,మధ్యప్రదేశ్,Denigration,None,No effect,కాంగ్రెస్ పార్టీ,Denigration
155,కాంగ్రెస్ ప్రభుత్వం,Denigration,None,No effect,కాంగ్రెస్,Denigration
156,తమిళనాడులో డీఎంకే ప్రభుత్వం మరియు కర్ణాటకలోని కాంగ్రెస్ ప్రభుత్వం,Denigration,None,No effect,కాంగ్రెస్,Denigration
157,మహ్మద్ బిన్ సల్మాన్,No effect,None,No effect,సౌదీ అరేబియా,Flattery
158,ముస్లింలు,Denigration,None,Denigration,ముస్లింలు,Denigration
159,మహమ్మద్ బిన్ సల్మాన్,Denigration,None,No effect,మహమ్మద్ బిన్ సల్మాన్,Denigration
160,నెతన్యాహు,Denigration,నెతన్యాహు,No effect,నెతన్యాహు,Denigration
161,ఈజిప్ట్ దేశస్థులు,Flattery,None,Denigration,ఈజిప్ట్,Flattery
162,వైసీపీ,Denigration,None,Flattery,ఆంధ్రప్రదేశ్,Denigration
163,ఈ వీడియో ఉత్తరప్రదేశ్‌కు చెందినది,Denigration,None,No effect,లులు మాల్‌,Denigration
164,ఇజ్రాయెల్ మహిళలు,No effect,None,Denigration,ఇజ్రాయెల్ మహిళలు,Flattery
165,RSS పాఠశాల,Denigration,None,Denigration,RSS పాఠశాల,Denigration
166,హమాస్ ఉగ్రవాదులు,No effect,None,Denigration,హమాస్ ఉగ్రవాదులు,Denigration
167,వ్యసనానికి గురైన ఒక అమ్మాయి,Denigration,None,No effect,మాదకద్రవ్యాల వ్యసనానికి గురైన ఒక అమ్మాయి,Denigration
168,బెంజమిన్ నెతన్యాహు,Denigration,నెతన్యాహు,Flattery,బెంజమిన్ నెతన్యాహు కొడుకు,Flattery
169,None,No effect,None,Flattery,అమెరికా,Flattery
170,ఖలీద్ మెహమూద్,No effect,ఖలీద్ మెహమూద్ అబ్బాసీ,Denigration,ఖలీద్ మెహమూద్ అబ్బాసీ,Denigration
171,None,No effect,None,No effect,డెంగీ,No effect
172,జగదీష్ రెడ్డి,No effect,జగదీష్ రెడ్డి,No effect,జగదీష్ రెడ్డి,No effect
173,టీడీపీ కౌన్సిలర్,Denigration,None,Denigration,టీడీపీ,Denigration
174,భారతదేశం,Denigration,None,Flattery,బిజెపీ,Denigration
175,None,No effect,None,No effect,ఆవు పేడ,No effect
176,పేటిఎం,No effect,None,No effect,పేటిఎం,Flattery
177,None,No effect,None,No effect,ప్లగ్-ఇన్ అయి ఉన్న ఫోన్‌,No effect
178,ఉదయనిధి స్టాలిన్,Flattery,ఉదయనిధి స్టాలిన్,Denigration,సుప్రీంకోర్టు,Denigration
179,LIC,Denigration,None,No effect,LIC,No effect
180,రాజస్థాన్‌లోని అశోక్ గెహ్లాట్ ప్రభుత్వం,Denigration,None,Denigration,రాజస్తాన్ ప్రభుత్వం,Denigration
181,None,No effect,None,Denigration,తెలంగాణ రాష్ట్ర సమితి,Denigration
182,KTR,No effect,None,Flattery," కాంగ్రెస్ నాయకులు ,KTR",Denigration
183,None,No effect,None,Flattery,శివలింగాని,No effect
184,కంగనా రనౌత్,No effect,షబానా అజ్మీ,Denigration,కంగనా రనౌత్,Flattery
185,మోదీ,No effect,None,Denigration,ప్రధాని మోదీ,Denigration
186,యోగి ప్రభుత్వం,Denigration,None,Denigration,యోగి ప్రభుత్వం,Flattery
187,ముస్లిం వ్యక్తి,Denigration,None,No effect,ముస్లిం,Denigration
188,PFI,Denigration,None,Denigration,పిఎఫ్‌ఐపై,Denigration
189,బాబా సాహెబ్ అంబేడ్కర్,No effect,None,Flattery,ఇండియన్ ఐడల్‌,No effect
190,ముస్లింలు,Denigration,None,Denigration,ముస్లింలు,Denigration
191,జ్యోతి యర్రాజి,No effect,జ్యోతి యర్రాజి,Flattery,జ్యోతి యర్రాజి.,Flattery
192,CJI చంద్రచూడ్,Denigration,చంద్రచూడ్,Flattery,CJI చంద్రచూడ్,No effect
193,బీజేపీ కార్యకర్తలు,Denigration,None,No effect,బీజేపీ,Denigration
194,కాంగ్రెస్,Denigration,None,Flattery,కాంగ్రెస్,Denigration
195,None,No effect,None,Denigration,తిరుమల తిరుపతి దేవస్థానం,Denigration
196,None,No effect,None,Flattery,ముస్లిం,Denigration
197,నానా పాటేకర్,Denigration,నానా పాటేకర్,Flattery,నానా పాటేకర్,Denigration
198,నారా లోకేష్,Denigration,నారా లోకేష్,Denigration,నారా లోకేష్,Denigration
199,ఢిల్లీ JNUలోని కమ్యూనిస్ట్ విధ్యార్ధులు,Denigration,None,No effect,ఢిల్లీ JNU,Denigration
200,None,No effect,None,Flattery,పార్లమెంటు,Denigration
201,అనూష వుండవల్లి,Denigration,చంద్రబాబు నాయుడు,No effect,అనూష వుండవల్లి,Denigration
202,పతంజలి రాందేవ్ బాబా,Denigration,None,Denigration,పతంజలి ఆయుర్వేద్ లిమిటెడ్,Denigration
203,పెరియార్ రామస్వామి,Denigration,పెరియార్ రామస్వామి,Denigration,విదుతలై ప్రచురణలు,Denigration
204,పోప్ జాన్ పాల్ II,No effect,పోప్ జాన్ పాల్ II,Flattery,పోప్ జాన్ పాల్,No effect
205,నరేంద్ర మోదీ,Flattery,None,No effect,ప్రతిభా పాటిల్,No effect
206,వై.ఎస్. జగన్ మోహన్ రెడ్డి,Denigration,జగన్ మోహన్ రెడ్డి,Denigration,వై.ఎస్. జగన్,Denigration
207,ఫాదర్ ఆంథోనీ ఫెర్నాండెజ్,No effect,ఫాదర్ ఆంథోనీ ఫెర్నాండెజ్,Flattery,ఫాదర్ ఆంథోనీ ఫెర్నాండెజ్,Denigration
208,పొన్నవోలు సుధాకర్ రెడ్డి,No effect,పొన్నవోలు సుధాకర్ రెడ్డి,Flattery,అడ్వకేట్ జనరల్ పొన్నవోలు సుధాకర్ రెడ్డి,No effect
209,హిందుత్వ సంస్థలు,Denigration,None,No effect,హిందుత్వ సంస్థలు,Denigration
210,తెలంగాణ ప్రభుత్వ పాఠశాలలలో ఉపాధ్యాయులు,Denigration,ప్రతిభా పాటిల్,Flattery,తెలంగాణ ప్రభుత్వం,Denigration
211,కేంద్ర ప్రభుత్వం,Flattery,None,Flattery,తెలంగాణ ప్రభుత్వం,Denigration
212,జనసేన పార్టీ,No effect,None,Flattery,జనసేన పార్టీ,No effect
213,చంద్రబాబు,No effect,చంద్రబాబు,Flattery,చంద్రబాబు,No effect
214,కేంద్ర ప్రభుత్వం,No effect,None,No effect,భారత ప్రభుత్వం,No effect
215,ఏపీ ప్రభుత్వం,Denigration,కట్జూ,Flattery,నాయమూర్తి జస్టిస్ కట్జూ,No effect
216,None,No effect,None,No effect,None,No effect
217,ఏసీబీ న్యాయమూర్తి హిమబిందు,No effect,హిమబిందు రెడ్డి,No effect,బీ.సత్య వెంకట హిమబిందు,No effect
218,G20 సదస్సుకు హాజరైన విదేశీ ప్రతినిధులు,No effect,None,Flattery,G20 శిఖరాగ్ర సదస్సు,No effect
219,హర్ష సాయి,Flattery,హర్ష సాయి,Flattery,హర్ష సాయి,Flattery
220,ABN ఆంధ్రజ్యోతి ఎండీ రాధాకృష్ణ భార్య మరియు అతని కూతురు,Denigration,None,No effect,ఎండీ రాధాకృష్ణ భార్య మరియు అతని కూతురు,Denigration
221,కర్ణాటకలో కాంగ్రెస్ ప్రభుత్వం,Denigration,None,No effect,కర్నాటక ప్రభుత్వం,Denigration
222,రాహుల్ గాంధీ,Denigration,రాహుల్ గాంధీ,Denigration,రాహుల్ గాంధీ,Denigration
223,NDA,Denigration,None,No effect,చిత్రా త్రిపాఠి,No effect
224,ఏసీబీ న్యాయమూర్తి హిమ బిందు,No effect,చంద్రబాబు,No effect,హిమ బిందుకు,No effect
225,None,No effect,None,No effect,ప్రభుత్వం,No effect
226,NALSA,No effect,None,No effect,None,No effect
227,వైకాపా ప్రభుత్వం,Denigration,None,No effect,వైకాపా ప్రభుత్వం,Denigration
228,వైఎస్ జగన్మోహన్ రెడ్డి,Flattery,జగన్మోహన్ రెడ్డి,No effect,వైఎస్ జగన్మోహన్ రెడ్డి,Flattery
229,లాలూ ప్రసాద్,No effect,లాలూ ప్రసాద్ యాదవ్,Flattery,లాలూ ప్రసాద్,No effect
230,ఉదయనిధి స్టాలిన్,Denigration,ఉదయనిధి స్టాలిన్,Denigration,ఉదయనిధి స్టాలిన్,Denigration
231,ముస్లిం,Denigration,None,No effect,ముస్లింలు,Denigration
232,రాజేష్ సరిపెల్ల,Denigration,రాజేష్ సరిపెల్ల,Denigration,రాజేష్ సరిపెల్ల,Denigration
233,అల్యూమినియం,No effect,None,No effect,అల్యూమినియం పాత్రల,Denigration
234,శూధ్రులు,Denigration,None,No effect,మహాభారతం,No effect
235,అమెరికా,Flattery,None,Flattery,అమెరికన్లు,No effect
236,భజరంగ్ దళ్,Denigration,None,Denigration,భజరంగ్ దళ్ కార్యకర్తలు,Denigration
237,స్వాతి మలివాల్,No effect,స్వాతి మలివాల్,Denigration,స్వాతి మలివాల్,No effect
238,"ఎన్టీఆర్ , పురందేశ్వరి",No effect,ఎన్టీఆర్,Flattery,ఎన్టీఆర్ నాణేలు,No effect
239,ముస్లిం యువకులు,Denigration,None,Denigration,ముస్లిం యువత,Denigration
240,మోదీ,Flattery,None,No effect,రాహుల్ గాంధీ,Denigration
241,చాక్లెట్‌  పరిశ్రమ,Denigration,None,No effect,FSSAI,Denigration
242,చంద్రబాబు నాయిడు పరిపాలన,Flattery,చంద్రబాబు నాయిడు,Denigration,చంద్రబాబు నాయిడు,Flattery
243,మోదీ,Flattery,None,No effect,నరేంద్ర మోడీ,Flattery
244,ముస్లిం మహిళ,Flattery,None,No effect,హిందువులు,No effect
245,అమెరికా,Denigration,None,No effect,నీల్ ఆర్మ్‌స్ట్రాంగ్,Denigration
246,None,No effect,None,No effect,యాదృచ్ఛిక వ్యక్తి,No effect
247,అడాల్ఫ్ హిట్లర్,No effect,అడాల్ఫ్ హిట్లర్,No effect,అడాల్ఫ్ హిట్లర్,No effect
248,మహేష్ బాబు,No effect,మహేష్ బాబు,Flattery,మహేష్ బాబు,No effect
249,మోహన్ దాస్ కరంచంద్ గాంధీ,No effect,మోహన్ దాస్ కరంచంద్ గాంధీ,Flattery,మహాత్మా గాంధీ,No effect
250,None,No effect,None,No effect,ముస్లిం స్త్రీ,No effect
251,None,No effect,None,No effect,None,No effect
252,None,No effect,ప్రభుత్వం,No effect,ప్రభుత్వం,No effect
253,None,No effect,బ్రెజిల్ లింగ నిష్పత్తి,Denigration,None,No effect
254,నెహ్రూ,Denigration,నెహ్రూ,Denigration,నెహ్రూ,Denigration
255,బండి సంజయ్,Denigration,బండి సంజయ్,Denigration,బండి సంజయ్,Denigration
256,None,No effect,చంద్రయాన్-3,No effect,చంద్రయాన్-3,No effect
257,"YCP,BJP",Denigration,వైకాపా/బీజేపీ,Denigration,వైకాపా/బీజేపీ,Denigration
258,None,No effect,నాసా ప్రయోగించిన ఉపగ్రహాలు,Denigration,NASA ఉపగ్రహాలు,Denigration
259,నరేంద్ర మోదీ,Flattery,నరేంద్ర మోదీ,Flattery,నరేంద్ర మోడీ,Flattery
260,రాహుల్ గాంధీ,Denigration,రాహుల్ గాంధీ,Denigration,రాహుల్ గాంధీ,Denigration
261,తిరుపతి,Denigration,చిరుతలు,No effect,None,No effect
262,మేక్ మై ట్రిప్,Flattery,మేక్ మై ట్రిప్,Flattery,మేక్ మై ట్రిప్,No effect
263,None,No effect,None,No effect,చంద్రయాన్ - 3,No effect
264,ప్రభుత్వం,Denigration,ప్రభుత్వం,Denigration,ఇస్రో,Denigration
265,ఆపిల్ విత్తనాల,Denigration,None,No effect,ఆస్ట్రేలియాలో నివసించే ఒక భారతీయ మహిళ,No effect
266,ఇస్రో చీఫ్ సోమనాథ్,Flattery,ఇస్రో చీఫ్ సోమనాథ్,No effect,ఇస్రో చీఫ్ సోమనాథ్,No effect
267,నరేంద్ర మోదీ,Flattery,నరేంద్ర మోదీ,Flattery,నరేంద్ర మోడీ,Flattery
268,నటుడు ప్రకాష్ రాజ్‌,Flattery,నటుడు ప్రకాష్ రాజ్‌,Denigration,ప్రకాష్ రాజ్‌,Denigration
269,ఆచార్య రజనీష్ మరియు తన శిష్యుడికి మధ్య జరిగిన సంభాషణ.,No effect,రజనీష్‌,Denigration,ఆచార్య రజనీష్,Denigration
270,రజనీకాంత్,No effect,పవన్ కళ్యాణ్,Denigration,పవన్ కళ్యాణ్,No effect
271,ఆర్టికల్ 370 రద్దు,No effect,ముస్లిం యువకులు,Flattery,ముస్లిం యువకు,No effect
272,None,No effect,None,No effect,జన్మనివ్వని స్త్రీ,Denigration
273,None,No effect,None,No effect,None,No effect
274,పీఎం కిసాన్ FPO యోజన,Denigration,కేంద్ర ప్రభుత్వం,Flattery,కేంద్ర ప్రభుత్వం,No effect
275,None,No effect,None,No effect,None,No effect
276,క్రీస్తు శిలువ,No effect,సుమిత్రా దేవి,Flattery,సుమిత్రా దేవి,No effect
277,హోటల్‌ ఉద్యోగులు,Denigration,హో చి మిన్ నగరంలోని గార్డన్ రెస్టారెంట్,Flattery,None,No effect
278,వైసీపీ కార్యకర్తలు,Denigration,వైసీపీ కార్యకర్తలు,Denigration,వైసీపీ కార్యకర్తలు,Denigration
279,అసెంబ్లీ స్పీకర్,Denigration,తెలుగు రాష్ట్రాలు,Denigration,తెలుగు అసెంబ్లీ,Denigration
280,"కాంగ్రెస్ నాయకుడు, కమల్ నాథ్ ",Denigration,"కాంగ్రెస్ నాయకుడు, కమల్ నాథ్",Denigration,కమల్ నాథ్,Denigration
281,తెలంగాణాలోకొత్త రేషన్ కార్డు,No effect,రాష్త్ర ప్రభుత్వం,Denigration,తెలంగాణ ప్రభుత్వం,No effect
282,ఆయుర్వేద సబ్బు,Denigration,None,No effect,None,Flattery
283,టీటీడీ,Denigration,జగన్,Denigration,జగన్,Denigration
284,ఎగ్జిక్యూటివ్ ఆఫీసర్ ఏ.వి. ధర్మా రెడ్డి,Denigration,ఏ.వి. ధర్మా రెడ్డి,Denigration,ఏ.వి. ధర్మా రెడ్డి,Denigration
285,కర్ణాటక ప్రభుత్వం,Denigration,కర్ణాటక ప్రభుత్వం,Denigration,ర్ణాటక ప్రభుత్వం,No effect
286,రోహింగ్యాల,No effect,రోహింగ్యాలు,Denigration,రోహింగ్యాలను,Denigration
287,భారతదేశం,Denigration,భారతదేశం,Denigration,భారతదేశం,Denigration
288,రాహుల్ గాంధీ,Denigration,None,No effect,రాహుల్ గాంధీ,Denigration
289,మొరాదాబాద్ అల్లర్ల,Denigration,జ్యూడీషియల్ ప్యానల్‌,Denigration,జ్యూడీషియల్,Denigration
290,కేంద్ర ప్రభుత్వం,Denigration,None,No effect,కేంద్ర ప్రభుత్వం,No effect
291,None,No effect,None,No effect,"ఒక అమ్మాయి, అబ్బాయి",No effect
292,కేంద్ర ప్రభుత్వం,Flattery,తెలంగాణ ప్రభుత్వం,Denigration,కేంద్ర ప్రభుత్వం,Flattery
293,None,No effect,ముస్లింలు,Denigration,ముస్లింలు,Denigration
294,తెలంగాణ ప్రభుత్వం,Denigration,తెలంగాణ ప్రభుత్వం,Denigration,తెలంగాణ ప్రభుత్వం,Denigration
295,None,No effect,ముస్లింలు,Denigration,ముస్లింలు,Denigration
296,కాంగ్రెస్ పార్టీ,Denigration,కాంగ్రెస్ పార్టీ,Denigration,కాంగ్రెస్ పార్టీకి,Denigration
297,None,No effect,None,No effect,None,No effect
298,None,No effect,నలందా విశ్వవిద్యాలయం,Denigration,నలందా విశ్వవిద్యాలయం,Denigration
299,None,No effect,ముస్లిం,Denigration,ముస్లిం,Denigration
300,None,No effect,హిందువులు,Denigration,None,No effect
301,ముస్లింలు,Denigration,ముస్లింలు,Denigration,ముస్లింలు,Denigration
302,భూమన కరుణాకర్ రెడ్డి,Denigration,భూమన కరుణాకర్ రెడ్డి,No effect,"భూమన కరుణాకర్ రెడ్డి, జగన్",Denigration
303,None,No effect,None,No effect,None,No effect
304,None,No effect,ముస్లింలు,Denigration,"కాంగ్రెస్, ముస్లింలు",Denigration
305,రైతు,Denigration,సీఎం కేసీఆర్,Denigration,కేసీఆర్,Denigration
306,RSS వ్యక్తులు,Denigration,RSS వ్యక్తులు,Denigration,RSS,Denigration
307,"అక్బరుద్దీన్ ఒవైసీ, జాకీర్ నాయక్, మౌలానా సయ్యద్ అహ్మద్ మరియు బదరుద్దీన్ అజ్మల్",Denigration,"అక్బరుద్దీన్ ఒవైసీ, జాకీర్ నాయక్, మౌలానా సయ్యద్ అహ్మద్ మరియు బదరుద్దీన్ అజ్మల్",Denigration,"అక్బరుద్దీన్ ఒవైసీ, జాకీర్ నాయక్, మౌలానా సయ్యద్ అహ్మద్ మరియు బదరుద్దీన్ అజ్మల్ ",Denigration
308,ఫ్రాన్స్‌లో ముస్లిం,Denigration,ముస్లిం శరణార్థులు,Denigration,ముస్లింలు,Denigration
309,ముస్లింలు,Denigration,ముస్లింలు,Denigration,ముస్లింలు,Denigration
310,ముస్లింలు,Denigration,ముస్లింలు,Denigration,ముస్లింలు,Denigration
311,అఖిల పక్షాని,Denigration,అఖిల పక్షా,Denigration,మోదీ,Flattery
312,హాస్టల్‌లో ఉండే విద్యార్థులు,No effect,None,No effect,None,No effect
313,కె. చంద్రశేఖరరావు,Denigration,కె. చంద్రశేఖరరావు,Denigration,KCR,Denigration
314,కుకీ తెగలు,Denigration,None,No effect,కుకీలు,Denigration
315,కర్ణాటకలో ఉచిత బస్సు సర్వీసుల,Denigration,కాంగ్రెస్ ప్రభుత్వం,Denigration,కాంగ్రెస్ ప్రభుత్వం,Denigration
316,యోగి ఆదిత్యనాథ్,Flattery,యోగి ఆదిత్యనాథ్,Flattery,యోగి ఆదిత్యనాథ్,Flattery
317,2006-07 నుంచే ఉత్తర ప్రదేశ్ రెవెన్యూ మిగులుని నమోదు చేసే రాష్ట్రంగా ఉంది,Denigration,రాహుల్ గాంధీ,Flattery,కాంగ్రెస్,Denigration
318,స్వామి ఆనంద్ స్వరూప్,Denigration,శంకరాచార్య పరిషత్ అధ్యక్షుడు స్వామి ఆనంద్ స్వరూప్ మహారాజ్,Denigration,శంకరాచార్య పరిషత్ అధ్యక్షుడు స్వామి ఆనంద్ స్వరూప్ మహారాజ్,Denigration
319,హనుమంతుని విగ్రహం,No effect,None,No effect,None,No effect
320,RSS సభ్యులు,Denigration,RSS సభ్యులు,Denigration,RSS,Denigration
321,None,No effect,None,No effect,None,No effect
322,రజనీకాంత్,Flattery,నరేంద్ర మోదీ,Flattery,నరేంద్ర మోదీ,Flattery
323,మధ్యప్రదేశ్‌లో ఒక రైతు,No effect,None,No effect,None,No effect
324,క్రైస్తవ కుకి మహిళ,Denigration,క్రైస్తవ కుకి మహిళ,Denigration,కుకి,Denigration
325,ఆంధ్రప్రదేశ్ ప్రభుత్వం,Denigration,ఆంధ్రప్రదేశ్ ప్రభుత్వం,Denigration,none,No effect
326,BJP,Denigration,None,No effect,"BJP, Modi",Denigration
327,మణిపూర్ క్రైస్తవ కుకీ తెగ,Denigration,మణిపూర్ క్రైస్తవ కుకీ తెగ,Denigration,మణిపూర్ క్రైస్తవ కుకీ తెగ,Denigration
328,రైల్వేశాఖ,Flattery,None,No effect,None,No effect
329,మణిపూర్‌లో ఆర్టికల్ 371C,No effect,None,No effect,None,No effect
330,ISIS,Denigration,కుకి మిలిటెంట్లు,Denigration,కుకి,Denigration
331,ట్రావెన్‌కోర్ రాజ కుటుంబాని,Flattery,None,No effect,హిందూ,Flattery
332,ముస్లిం అబ్బాయిలు,Denigration,ముస్లిం,Denigration,ముస్లిం,Denigration
333,సచిన్ టెండూల్కర్,Flattery,సచిన్ టెండూల్కర్,Denigration,సచిన్ టెండూల్కర్,Denigration
334,మోదీ,Denigration,None,No effect,మోదీ,Flattery
335,హిందూ దేవాలయాన్ని,Flattery,హిందూ,Flattery,హిందూ,Flattery
336,ఆరేళ్లపాటు,No effect,ఒక ‘ఘోరా’,Flattery,None,No effect
337,RSS,Denigration,None,No effect,"చిదానంద సింగ్, RSS",Denigration
338,None,No effect,None,No effect,None,No effect
338,లారెన్స్ ఇ. జోసెఫ్,Flattery,కాబా,Flattery,ముస్లింలు,Flattery
340,కర్రసాము చేస్తున్న బాలుడు,Flattery,నారా దేవాన్ష్,Flattery,None,No effect
341,మెయితీ జాతి మహిళలు.,Denigration,None,No effect,కూకీ,Denigration
342,None,No effect,None,No effect,హిందూ,Flattery
343,భారత ఎన్నికల సంఘం,Denigration,None,No effect,None,No effect
344,నేషనల్‌ రిజిస్టర్‌ ఆఫ్‌ సిటిజెన్స్‌,Flattery,కేంద్ర మంత్రిత్వ శాఖ,Denigration,None,No effect
345,కేంద్ర ప్రభుత్వం,Denigration,కేంద్ర ప్రభుత్వం,Flattery,కేంద్ర ప్రభుత్వం,Flattery
346,పాప్‌కార్న్ విక్రేత,Denigration,బెంగళూరులో ఒక పాప్‌కార్న్ విక్రేత,Denigration,పాప్‌కార్న్ విక్రేత   నవాజ్ పాషా,Denigration
347,మద్రాసు హైకోర్టు తీర్పు,Denigration,మద్రాసు హైకోర్టు,Flattery,none,No effect
348,మణిపూర్‌లో ముస్లింలు,Denigration,ముస్లింలు,Denigration,ముస్లింలు,Denigration
349,భారత ప్రభుత్వం,Denigration,భారత ప్రభుత్వం,Denigration,ప్రభుత్వం,Denigration
350,ప్రధానమంత్రి నరేంద్ర మోదీ,Denigration,ప్రధానమంత్రి నరేంద్ర మోదీ తమ్ముడు,No effect,None,No effect
351,None,No effect,None,No effect,None,No effect
352,మృతదేహాలు,No effect,None,No effect,None,No effect
353,పవన్ కళ్యాణ్,Denigration,పవన్ కళ్యాణ్,Denigration,పవన్ కళ్యాణ్,Denigration
354,కేంద్ర బీజేపీ అధికారం,Denigration,బీజేపీ అధికారం,Denigration,కేంద్ర ప్రభుత్వం,Denigration
355,అజిత్ దోవల్,No effect,అజిత్ దోవల్,Denigration,ముస్లిం,Denigration
356,యోగి ఆదిత్యనాథ్,Flattery,ఉత్తరప్రదేశ్ ముఖ్యమంత్రి యోగి ఆదిత్యనాథ్,Denigration,యోగి ఆదిత్యనాథ్,No effect
357,ప్రాచీన ఈజిప్ట్ రాజు,No effect,None,No effect,హిందూ,Flattery
358,ఇస్లామిక్ టెర్రరిస్ట్‌లు.,Denigration,ముస్లిం,Denigration,ముస్లిం.,Denigration
359,ముస్లిం,Denigration,ముస్లిం,Denigration,ముస్లిం,Denigration
360,కాంగ్రెస్,Denigration,కాంగ్రెస్,Denigration,కాంగ్రెస్,Denigration
362,కేరళ,Denigration,కేరళ ప్రజలు,Denigration,None,No effect
362,హిందువులు,Denigration,ముస్లింలు,Denigration,బిర్యానీ తాయారు చేసే వ్యక్తి,Denigration
363,వరాహ స్వామి,No effect,None,No effect,భారతీయులు,Flattery
364,గిరిజనుడి,Denigration,None,No effect,None,No effect
365,ముస్లిం వ్యక్తి,Denigration,ముస్లిం వ్యక్తి,Denigration,ముస్లిం వ్యక్తి,Denigration
366,పోప్ జాన్ పాల్ II మృతదేహా,No effect,None,No effect,None,No effect
367,ముస్లింల గుంపు,Denigration,ముస్లిం,Denigration,ముస్లింలు,Denigration
368,None,No effect,None,No effect,None,No effect
369,నారా బ్రాహ్మాణి,Denigration,నారా బ్రాహ్మాణి,Flattery,తెలుగుదేశం,Denigration
370,‘విఠ్ఠల విఠ్ఠల,No effect,None,No effect,None,No effect
371,ప్రభుత్వ ఉద్యోగుల,Flattery,None,No effect,None,No effect
372,తమిళ నటుడు సూర్య,No effect,తెలుగుదేశం పార్టీ,Flattery,TDP,Flattery
373,ఒక మహిళ,Denigration,None,No effect,None,No effect
374,జర్మన్ మంత్రి జాన్,Denigration,ఉత్తరప్రదేశ్ ముఖ్యమంత్రి యోగి ఆదిత్యనాథ్‌,Flattery,యోగి ఆదిత్యనాథ్‌,Flattery
375,పి.వీ.నరసింహారావు,Denigration,మాజీ ప్రధాని పి.వీ.నరసింహారావు,No effect,None,No effect
376,None,No effect,None,No effect,ఉత్తరప్రదేశ్‌ ప్రభుత్వం,Denigration
377,కాంగ్రెస్ ప్రభుత్వం,Denigration,కర్ణాటకలో కాంగ్రెస్ ప్రభుత్వం,Denigration,congress,Denigration
378,కామకోటి చైల్డ్స్ ట్రస్ట్ హాస్పిటల్,Flattery,కంచి కామకోటి చైల్డ్స్ ట్రస్ట్ హాస్పిటల్,Flattery,None,No effect
379,జనసేన ర్యాలీ,Denigration,జనసేన,Flattery,Janasena,Flattery
380,లవ్ జిహాద్‌,Denigration,గుజరాత్ IPS ఆఫీసర్,Flattery,ముస్లింలు,Denigration
381,ముస్లిం వ్యక్తి,Denigration,ముస్లిం వ్యక్తి,Denigration,ముస్లిం,Denigration
382,BJP,Denigration,None,No effect,మోడీ,Denigration
383,None,No effect,దళిత హిందూ యువతి,Denigration,హిందూ యువతి,Denigration
384,మంత్రి ప్రియాంక్ ఖర్గే,Denigration,ర్ణాటక మంత్రి ప్రియాంక్ ఖర్గే,Flattery,"కర్ణాటక మంత్రి ప్రియాంక్ ఖర్గే, కాంగ్రెస్",Denigration
385,ఉచిత బస్సు ప్రయాణమ,Denigration,None,No effect,మహిళలు,Denigration
386,None,No effect,కర్నాటక ప్రభుత్వం,Denigration,మోడీ ప్రభుత్వం,Flattery
386,సర్వేపల్లి రాధాకృష్ణన్,No effect,None,No effect,NTR,Flattery
388,సీఎం వై. ఎస్. జగన్ మోహన్ రెడ్డి.,Denigration,ఎన్టీఆర్‌,Flattery,వై. ఎస్. జగన్,Denigration
389,None,No effect,వై. ఎస్. జగన్ మోహన్ రెడ్డి.,Denigration,None,No effect
390,యోగి అదిత్యనాథ్,Flattery,None,No effect,యోగి అదిత్యనాథ్ ప్రభుత్వ,Flattery
391,ముస్లింలు,Denigration,None,No effect,ముస్లింలు,Denigration
392,ప్రధానమంత్రి మోదీ,Denigration,బెంగళూరులోని ముస్లింలు,Denigration,ప్రధానమంత్రి మోదీ,Denigration
393,సిబిఐ అధికారులు,Denigration,ప్రధానమంత్రి మోదీ,Denigration,మహమ్మద్ షరీఫ్‌,Denigration
394,CMR షాపింగ్ మాల్,Denigration,ఒడిశా రైలు ప్రమాదానికి కారణమైన వ్యక్తులు,Denigration,CMR షాపింగ్ మాల్,Denigration
395,కాంగ్రెస్ MLA,Denigration,CMR షాపింగ్ మాల్,Denigration,"కాంగ్రెస్, ఆసిఫ్ మొహమ్మద్ ఖాన్ ",Denigration
396,భజరంగ్ దళ్,Denigration,ఒక కాంగ్రెస్ MLA,Denigration,భజరంగ్ దళ్ కార్యకర్త,Denigration
397,బీజేపీ,Flattery,బజరంగ్ దళ్ కార్యకర్తలు,Denigration,బీజేపీ,Denigration
398,నాయుడు ఆంధ్ర మెస్,Denigration,బీజేపీ అధికారం,Denigration,None,No effect
399,ప్రమాదంలో చనిపోయిన వ్యక్తుల,Denigration,cనాయుడు ఆంధ్ర మెస్ పేరు,Flattery,None,No effect
400,మహారణా ప్రతాప్ విగ్రహాన్ని,Denigration,None,No effect,ముస్లింలు,Denigration
401,షిరిడీ సాయిబాబా సంస్థాన్ ట్రస్ట్,Denigration,ముస్లింలు,Denigration,షిరిడీ సాయిబాబా సంస్థాన్ ట్రస్ట్,Denigration
402,బంగ్లాదేశ్‌,Denigration,షిరిడీ సాయిబాబా సంస్థాన్ ట్రస్ట్,Denigration,ముస్లింలు,Denigration
403,పంచముఖ శివలింగం యొక్క చిత్రం.,No effect,హిందువులు,Flattery,None,No effect
404,కేరళలోని ఒక స్కూల్లో,Denigration,None,No effect,None,No effect
405,రోడ్డు,No effect,None,No effect,None,No effect
406,ముస్లిం డ్రైవర్,Denigration,None,No effect,ముస్లిం,Denigration
407,బీజేపీ ఎంపీ దేవ్‌జీ పటేల్,Denigration,ముస్లిం,Denigration,BJP MP,Denigration
408,ఉచిత బస్సు ప్రయాణానికి,No effect,బీజేపీ ఎంపీ దేవ్‌జీ పటేల్,Denigration,None,No effect
409,ముఖ్యమంత్రి కేసీఆర్‌,Denigration,కర్ణాటక కాంగ్రెస్ ప్రభుత్వం,Denigration,KCR,Denigration
410,ముస్కాన్ ఖాన్.,Denigration,ముఖ్యమంత్రి కేసీఆర్‌,Denigration,ముస్లింలు,Denigration
411,పాతబస్తీలో ముస్లింలు,No effect,కర్ణాటక హిజాబ్ నిరసనకారురాలు ముస్కాన్ ఖాన్,Denigration,None,No effect
412,None,No effect,None,No effect,NOne,No effect
413,RSS కార్యకర్తలను,Denigration,ఆర్ఎస్ఎస్ కార్యకర్తలు,Denigration,RSS,Denigration
414,ముస్లిం వ్యక్తులు,Denigration,ముస్లిం,Denigration,ప్రభుత్వం,Denigration
415,None,No effect,None,No effect,None,No effect
416,None,No effect,ముస్లిం,Denigration,ముస్లింలు,Denigration
417,రాహుల్ గాంధీ,Denigration,రాహుల్ గాంధీ,Denigration,రాహుల్ గాంధీ,Denigration
418," ముస్లింలు, మోదీ వ్యతిరేకులు",Denigration,"ముస్లింలు, మోదీ వ్యతిరేకులు",Denigration,None,No effect
419,ఆదిపురుష్ సినిమ,Denigration,దళితులు,Denigration,ఆదిపురుష్ సినిమాను,Denigration
420,None,No effect,None,No effect,None,No effect
421,None,No effect,None,No effect,NOne,No effect
422,స్టేషన్ మాస్టర్ షరీఫ్,Denigration,ఒడిశా రైలు ప్రమాదానికి కారణమైన స్టేషన్ మాస్టర్,Denigration,None,No effect
423,ధోని,Denigration,ధోని,Flattery,Dhoni,Flattery
424,జపాన్ శాస్త్రవేత్త,No effect,హిందువులు,Flattery,హిందు,Flattery
425,కేంద్ర ఎన్నికల సంఘం,Denigration,None,No effect,None,No effect
426,None,No effect,ముస్లిం వ్యక్తి,Denigration,None,No effect
427,కర్ణాటక ప్రభుత్వం,Flattery,కర్నాటక ప్రభుత్వం,Denigration,None,No effect
428,ప్రధాని మోదీ,Flattery,10/12 ఉత్తీర్ణులైన విద్యార్థులు,Flattery,None,No effect
429,ముహమ్మద్ బిన్ రషీద్ భార్య,Flattery,None,No effect,హిందూ,Flattery
430,ఒక మహిళ,Denigration,మణిపూర్ ప్రజలు,Denigration,ప్రభుత్వం,Denigration
431,నరేంద్రమోడీ స్టేడియం,Denigration,None,No effect,నరేంద్రమోడీ,Denigration
431,కాశ్మీర్ పరిస్థితుల,Denigration,బీజేపీ హయాం,Flattery,BJP,Flattery
433,హైకూ,No effect,None,No effect,None,No effect
434,ముస్లింలు కవాతు,Denigration,ముస్లింలు,Denigration,ముస్లింలు,Denigration
435,హిందూ పత్రిక,Denigration,సెంగోల్,Denigration,The Hindu,Denigration
436,పోలీసు,Denigration,నరేంద్ర మోడీ,Denigration,మోడీ ప్రభుత్వం,Denigration
437,హాలీవుడ్ స్టార్ డ్వైన్ జాన్సన్,Denigration,డ్వైన్ జాన్సన్,Flattery,డ్వైన్ జాన్సన్,No effect
438,అమెరికా ప్రభుత్వం,Flattery,None,No effect,None,No effect
439,G20 మీటింగ్,Flattery,None,No effect,BJP,Flattery
440,None,Flattery,ముస్లిం వ్యక్తి,Denigration,ముస్లింలు,Denigration
441,ముఖ్యమంత్రి సిద్దరామయ్య,Flattery,"ముఖ్యమంత్రి సిద్దరామయ్య, డిప్యూటీ ముఖ్యమంత్రి",No effect,"కాంగ్రెస్ ప్రభుత్వం, ముఖ్యమంత్రి సిద్దరామయ్య, డిప్యూటీ ముఖ్యమంత్రి  డి.కే.శివకుమార్ ",No effect
442,కాంగ్రెస్ పార్టీ,Denigration,కాంగ్రెస్ పార్టీ,Denigration,కాంగ్రెస్ పార్టీ,Denigration
443,కాంగ్రెస్ పార్టీ,Denigration,కాంగ్రెస్ పార్టీ,Denigration,"కాంగ్రెస్, ముస్లింలు",Denigration
444,పార్లమెంటు ప్రారంభోత్సవాన్ని,Denigration,లోక్ షాబాలో 20 పార్టీలు,Denigration,బహిష్కరించిన 20 పార్టీల,Denigration
445,కాంగ్రెస్ నాయకుడు DK శివకుమార్,Denigration,DK శివకుమార్,No effect,కాంగ్రెస్,No effect
446,None,No effect,భారత సైన్యం,Flattery,భారత సైన్యం,Flattery
447,నరేంద్ర మోదీ,Flattery,నరేంద్ర మోదీ,Flattery,నరేంద్ర మోదీ,Flattery
448,None,No effect,హిందువులు,No effect,"ముస్లింలు, పాకిస్థాన్",Denigration
449,మోదీ,Denigration,మోదీ,Denigration,మోదీ,Denigration
450,కాంగ్రెస్ పార్టీ,No effect,కాంగ్రెస్ పార్టీ,Flattery,కాంగ్రెస్ పార్టీ,Flattery
451,BBFC,Denigration,ది కేరళ స్టొరీ సినిమా,Denigration,None,No effect
452,None,No effect,None,No effect,None,No effect
453,దీపక్ గౌడ్‌,Denigration,సుప్రీంకోర్టు,Denigration,దీపక్ గౌడ్‌,Denigration
454,కాంగ్రెస్,Denigration,కాంగ్రెస్,Flattery,కాంగ్రెస్,Flattery
455,మోదీ,Flattery,మోదీ,Flattery,మోదీ,Flattery
456,None,No effect,None,No effect,కాంగ్రెస్ పార్టీ,Denigration
457,రూ. 2000 నోట్ల,No effect,None,No effect,None,No effect
458,మదర్సాలలో,No effect,మదర్సాల,No effect,మదర్సా,Denigration
459,డీ.కే. శివ కుమార్,Denigration,డీ.కే. శివ కుమార్,Denigration,"డీ.కే. శివ కుమార్,కాంగ్రెస్ పార్టీ",Flattery
460,అబ్దుల్లా జుబిర్‌,Denigration,అబ్దుల్లా జుబెర్,Denigration,"అబ్దుల్లా జుబెర్, ముస్లింలు",Denigration
461,ఇస్లామిక్ రాష్ట్రం,No effect,ముస్లిం,Denigration,ముస్లింలు,Denigration
462,కమ్యూనిస్ట్ ప్రభుత్వం,Denigration,కేరళ కమ్యూనిస్ట్ ప్రభుత్వం,Denigration,కేరళ కమ్యూనిస్ట్ ప్రభుత్వం,Denigration
463,కాంగ్రెస్ పార్టీ,Denigration,కాంగ్రెస్,Denigration,కాంగ్రెస్ పార్టీ,Denigration
464,కాంగ్రెస్  విజయం,Denigration,కాంగ్రెస్,Denigration,"కాంగ్రెస్, ముస్లింలు",Denigration
465,None,No effect,ముస్లిం,Denigration,ముస్లింలు,Denigration
466,భారత ప్రభుత్వం,No effect,భారత ప్రభుత్వం,Flattery,భారత్‌,Flattery
467,కాంగ్రెస్ పార్టీ,Denigration,కాంగ్రెస్,Denigration," కాంగ్రెస్ ,ముస్లింలు",Denigration
468,None,No effect,‘ది కేరళ స్టోరీ’,Flattery,None,No effect
469,కాంగ్రెస్ పార్టీ,Flattery,కాంగ్రెస్,Denigration,కాంగ్రెస్ పార్టీ,Denigration
470,తబస్సుమ్ షేక్,Flattery,తబస్సుమ్ షేక్,Flattery,తబస్సుమ్ షేక్,Flattery
471,జర్మన్ బుల్లెట్ ట్రైన్,No effect,జర్మన్,Flattery,None,No effect
472,బీజేపీ,Denigration,None,Flattery,BJP,Denigration
473,మహారాణా ప్రతాప్,Flattery,మహారాణా ప్రతాప్,No effect,మహారాణా ప్రతాప్,Flattery
474,బీజేపీ నేతల,Denigration,బీజేపీ,Denigration,BJP,Denigration
475,తెలంగాణ కాంగ్రెస్,Denigration,కాంగ్రెస్,Denigration,కాంగ్రెస్,Denigration
476,మొబైల్ ఫోన్,No effect,మొబైల్ ఫోన్,No effect,Public,No effect
477,తమిళ నటుడు అజిత్ కుమార్,Denigration,అజిత్ కుమార్,Denigration,రాహుల్ గాంధీ,Flattery
478,మోదీ,No effect,మోదీ,Denigration,మోదీ,Denigration
479,ఢిల్లీ ఎక్సైజ్ పాలసీ కేసు,Denigration,None,No effect,None,No effect
480,RSS సర్‌సంఘ్‌చాలక్ మోహన్ భగవత్,Denigration,RSS సర్‌సంఘ్‌చాలక్ మోహన్ భగవత్,Denigration,RSS సర్‌సంఘ్‌చాలక్ మోహన్ భగవత్,Denigration
481,కేసీఆర్‌,Denigration,కేసీఆర్‌,Flattery,KCR,Denigration
482,మంత్రి రోజా.,Denigration,జగన్ మోహన్ రెడ్డి,Denigration,జగన్ మోహన్ రెడ్డి,Denigration
483,DRDO సీనియర్ శాస్త్రవేత్త ప్రదీప్ కురుల్కర్,Denigration,RSS,Denigration,RSS,Denigration
484,చిరుత దాడి,No effect,none,No effect,None,No effect
485,బీజేపీ,Denigration,బీజేపీ,Flattery,BJP,Denigration
486,బ్రాహ్మణ పూజారి,Denigration,బ్రాహ్మణ పూజారి,Denigration,పూజారి,Denigration
487,ప్రధాని మోదీ,Denigration,ప్రధాని మోదీ,Denigration,ప్రధాని మోదీ,Denigration
488,రాహుల్ గాంధీ,Flattery,రాహుల్ గాంధీ,Denigration,రాహుల్ గాంధీ,Denigration
489,ఉండవల్లి అరుణ కుమార్,Denigration,ఉండవల్లి అరుణ కుమార్,Denigration,అరుణ కుమార్,Denigration
490,నల్లరాయి బుద్ధ విగ్రహం,No effect,బుద్ధ విగ్రహం,No effect,None,No effect
491,విషపూరితమైన పాము,No effect,none,No effect,None,No effect
492,సౌదీలో ఒక వ్యక్తి,Denigration,అమీన్ అల్-ఘోబాషి,Denigration,None,No effect
493,ముస్లిం వ్యక్తి,Denigration,ముస్లిం,Denigration,ముస్లిం,Denigration
494,భారత ఎన్నికల సంఘం,No effect,భారత ఎన్నికల సంఘం,Denigration,None,No effect
495,ప్రధాని మోది,Denigration,ప్రధాని మోది,Denigration,"ప్రభుత్వం, మోడీ",Denigration
496,రాహుల్ గాంధీ,Flattery,రాహుల్ గాంధీ,Flattery,రాహుల్ గాంధీ,Flattery
497,None,No effect,పాకిస్థాన్‌,No effect,None,No effect
498,BJP MP బ్రిజ్ భూషణ్,Denigration,BJP MP బ్రిజ్ భూషణ్.,Denigration,BJP MP బ్రిజ్ భూషణ్.,Denigration
499,పశ్చిమ బెంగాల్లో ముస్లింలు,Denigration,పశ్చిమ బెంగాల్లో ముస్లింలు,Denigration,ముస్లింలు,Denigration
500,తెలుగు దేశం పార్టీ,Flattery,తెలుగు దేశం పార్టీ,Denigration,తెలుగు దేశం పార్టీ,Denigration
501,యూపీఏ ప్రభుత్వం,Denigration,None,Flattery,యూపీఏ ప్రభుత్వం,Denigration
502,వందే భారత్ రైలు,Flattery,None,Denigration,మోదీ,Denigration
503,డోన్ వాసి సుభాన్.,Denigration,None,Denigration,సుభాన్.,Denigration
504,కైలాస మానససరోవరా,Flattery,None,Flattery,కైలాస  మానససరోవరం,No effect
505,తెలంగాణ రాష్ట్రం,Denigration,None,No effect,తెలంగాణ రాష్ట్రం,Denigration
506,తెలంగాణసీపీఎం రాష్ట్ర కార్యదర్శి తమ్మినేని వీరభద్రం.,Flattery,తమ్మినేని వీరభద్రం,Flattery,తమ్మినేని వీరభద్రం.,Denigration
507,None,No effect,None,No effect,భారత సైన్యం,Flattery
508,సంతానోత్పత్తి రేటు,No effect,None,No effect,ముస్లిం,Denigration
509,బీజేపీ ఎన్నికల ప్రచారం,Flattery,యష్,Flattery,బీజేపీ,Flattery